[{"lat":"37.226828819","long":"127.10991558","items":[{"name":"(주)선빈코리아","tel":"031-285-6121","addr":"경기도 용인시 기흥구 고매동 377-10번지","category":"회원제형태 - 사무서비스"},{"name":"에이비씨디카페(abcd cafe)","tel":"031-285-5827","addr":"경기도 용인시 기흥구 고매동 377-10번지","category":"일반휴게음식 - 서양음식"}]},{"lat":"37.220769167","long":"127.10502842","items":[{"name":"(주)쉐어라이트","tel":"070-4258-5245","addr":"경기도 용인시 기흥구 고매동 456번지 9층","category":"건축자재 - 조명기구"},{"name":"리더스비엠씨","tel":"031-286-0300","addr":"경기도 용인시 기흥구 고매동 456번지 넥사이언공장B동10층","category":"일반휴게음식 - 위탁급식업"}]},{"lat":"37.220943149","long":"127.1300752","items":[{"name":"(주)에프엔조이","tel":"070-7793-0585","addr":"경기도 용인시 기흥구 고매동 145번지","category":"음료식품 - 농·축·수산품"}]},{"lat":"37.227552127","long":"127.10713341","items":[{"name":"(주)오피스몰","tel":"02-556-1518","addr":"경기도 용인시 기흥구 고매동 407-3번지","category":"서적문구 - 문구용품"}]},{"lat":"37.223658066","long":"127.1185532","items":[{"name":"(주)와이엠솔루션","tel":"070-8292-6416","addr":"경기도 용인시 기흥구 고매동 279-13번지","category":"자동차정비 유지 - 세차장"},{"name":"지아이컴퍼니(GI Company)","tel":"070-4027-1442","addr":"경기도 용인시 기흥구 고매동 279-13번지","category":"레져용품 - 스포츠·레져용품"}]},{"lat":"37.221549833","long":"127.10871381","items":[{"name":"(주)우리사무기기","tel":"031-286-6555","addr":"경기도 용인시 기흥구 고매동 448-2번지","category":"사무통신 - 사무용 OA기기"},{"name":"고매루","tel":"031-283-2480","addr":"경기도 용인시 기흥구 고매동 448-2번지","category":"일반휴게음식 - 중국식"},{"name":"주식회사 씨투","tel":"031-281-4197","addr":"경기도 용인시 기흥구 고매동 448-2번지 1층","category":"신변잡화 - 기타잡화"}]},{"lat":"37.224221268","long":"127.13160182","items":[{"name":"(주)카페뉴","tel":"070-4211-9810","addr":"경기도 용인시 기흥구 고매동 100-4번지","category":"음료식품 - 기타음료식품"}]},{"lat":"37.227441102","long":"127.0999443","items":[{"name":"(주)캠프레이크","tel":"070-8883-2227","addr":"경기도 용인시 기흥구 고매동 539-1번지","category":"숙박업 - 여관/기타숙박업"},{"name":"캠프레이크","tel":"070-8883-2227","addr":"경기도 용인시 기흥구 고매동 539-1번지 1층","category":"숙박업 - 여관/기타숙박업"}]},{"lat":"37.229854616","long":"127.10146861","items":[{"name":"(주)터프프라자","tel":"031-285-4882","addr":"경기도 용인시 기흥구 고매동 560번지","category":"농업 - 비료,사료,종자"}]},{"lat":"37.22407841","long":"127.11237927","items":[{"name":"(주)한택","tel":"031-379-1113","addr":"경기도 용인시 기흥구 고매동 263-25번지","category":"기타 - 기타 전문점"},{"name":"(주)한택/원격지","tel":"031-379-1113","addr":"경기도 용인시 기흥구 고매동 263-25번지","category":"기타 - 기타 전문점"}]},{"lat":"37.219634484","long":"127.11433328","items":[{"name":"(주)화진케미칼","tel":"","addr":"경기도 용인시 기흥구 고매동 219-8번지","category":"유통업 영리 - 기타유통업"}]},{"lat":"37.22421421","long":"127.1013824","items":[{"name":"365타이어","tel":"031-286-1365","addr":"경기도 용인시 기흥구 고매동 516-2번지","category":"자동차정비 유지 - 자동차시트·타이어"},{"name":"백억한식부페","tel":"031-287-0416","addr":"경기도 용인시 기흥구 고매동 516-2번지 외1필지 1층","category":"일반휴게음식 - 일반한식"},{"name":"새로운카공업사","tel":"031-287-8280","addr":"경기도 용인시 기흥구 고매동 516-2번지","category":"자동차정비 유지 - 세차장"},{"name":"서원콤프레샤","tel":"031-377-1393","addr":"경기도 용인시 기흥구 고매동 516-2번지","category":"기타 - 기타 전문점"},{"name":"유연","tel":"031-693-5509","addr":"경기도 용인시 기흥구 고매동 516-2번지 2층","category":"일반휴게음식 - 일반한식"},{"name":"유연","tel":"031-693-5509","addr":"경기도 용인시 기흥구 고매동 516-2번지","category":"일반휴게음식 - 일반한식"}]},{"lat":"37.221134375","long":"127.10980614","items":[{"name":"DEBORA전자(데보라전자)","tel":"031-458-7966","addr":"경기도 용인시 기흥구 고매동 439-1번지","category":"전기제품 - 기타전기제품"}]},{"lat":"37.230909393","long":"127.11113835","items":[{"name":"GS25기흥써니점","tel":"02-2006-2485","addr":"경기도 용인시 기흥구 고매동 883번지 기흥써니밸리 상가","category":"유통업 영리 - 편 의 점"}]},{"lat":"37.22902573","long":"127.10138866","items":[{"name":"HR 헤렌하우스 퍼니처","tel":"031-281-1957","addr":"경기도 용인시 기흥구 고매동 542-28번지","category":"가구 - 일반가구"},{"name":"신동탄가구유통","tel":"031-8005-8249","addr":"경기도 용인시 기흥구 고매동 542-28번지","category":"가구 - 일반가구"},{"name":"헤렌 하우스","tel":"031-281-1957","addr":"경기도 용인시 기흥구 고매동 542-28번지","category":"가구 - 일반가구"}]},{"lat":"37.22824791","long":"127.11483048","items":[{"name":"Have it 편의점/해빛편의점 우림홀인원점","tel":"031-000-0000","addr":"경기도 용인시 기흥구 고매동 880번지 매화마을우림홀인원아파트 상가 103호","category":"유통업 영리 - 편 의 점"},{"name":"우림홀인원아파트입주자대표회의","tel":"031-274-6942","addr":"경기도 용인시 기흥구 고매동 880번지 매화마을우림홀인원아파트","category":"기타 - 비영리/대상"}]},{"lat":"37.223742898","long":"127.13235592","items":[{"name":"JD유소년스포츠아카데미","tel":"031-285-9900","addr":"경기도 용인시 기흥구 고매동 117번지 1층","category":"학원 - 예·체능계학원"}]},{"lat":"37.23005002","long":"127.1048043","items":[{"name":"Promise Land/재단법인 예일선교회","tel":"031-8005-7711","addr":"경기도 용인시 기흥구 고매동 553-5번지","category":"일반휴게음식 - 서양음식"},{"name":"예일교회","tel":"031-596-0326","addr":"경기도 용인시 기흥구 고매동 553-5번지","category":"기타 - 기타 전문점"},{"name":"오유스튜디오","tel":"070-5044-7255","addr":"경기도 용인시 기흥구 고매동 553-5번지 1층","category":"일반휴게음식 - 서양음식"},{"name":"재단법인 예일선교회","tel":"031-285-0310","addr":"경기도 용인시 기흥구 고매동 553-5번지","category":"회원제형태 - 학원"},{"name":"피엘피종합학원","tel":"031-285-0310","addr":"경기도 용인시 기흥구 고매동 553-5번지 1층 일부","category":"학원 - 보습학원"}]},{"lat":"37.227439677","long":"127.10166829","items":[{"name":"가구백화점","tel":"031-282-5054","addr":"경기도 용인시 기흥구 고매동 542-7번지","category":"가구 - 일반가구"},{"name":"주식회사 가구백화점","tel":"031-282-5054","addr":"경기도 용인시 기흥구 고매동 542-7번지","category":"가구 - 일반가구"}]},{"lat":"37.231524526","long":"127.10844604","items":[{"name":"가나안정육점","tel":"031-286-1010","addr":"경기도 용인시 기흥구 고매동 388-4번지","category":"음료식품 - 정육점"},{"name":"경기식품","tel":"031-286-4850","addr":"경기도 용인시 기흥구 고매동 388-4번지","category":"음료식품 - 농·축·수산품"},{"name":"맛있다수제돈까스","tel":"031-286-1237","addr":"경기도 용인시 기흥구 고매동 388-4번지 한영속셈피아노학원 1층 2호","category":"일반휴게음식 - 일반한식"},{"name":"소주집양푼이","tel":"031-286-2121","addr":"경기도 용인시 기흥구 고매동 388-4번지","category":"일반휴게음식 - 일반한식"},{"name":"신동아컨설팅","tel":"031-285-9688","addr":"경기도 용인시 기흥구 고매동 388-4번지 한영속셈피아노학원 1동 1호","category":"용역 서비스 - 사무서비스"},{"name":"신성시스템","tel":"031-693-5918","addr":"경기도 용인시 기흥구 고매동 388-4번지 외1필지","category":"사무통신 - 컴퓨터"},{"name":"한영속셈학원","tel":"031-285-9767","addr":"경기도 용인시 기흥구 고매동 388-4번지","category":"학원 - 예·체능계학원"}]},{"lat":"37.226550178","long":"127.10916025","items":[{"name":"가덕","tel":"031-286-4063","addr":"경기도 용인시 기흥구 고매동 377-50번지 1층","category":"일반휴게음식 - 일반한식"},{"name":"오뜨아르","tel":"031-285-5225","addr":"경기도 용인시 기흥구 고매동 377-50번지 1층","category":"일반휴게음식 - 서양음식"}]},{"lat":"37.231018837","long":"127.10968487","items":[{"name":"건어물통신","tel":"031-283-0321","addr":"경기도 용인시 기흥구 고매동 385-1번지 세원 상가 101호","category":"사무통신 - 통신기기"},{"name":"뷰 결혼정보","tel":"031-1670-8126","addr":"경기도 용인시 기흥구 고매동 385-1번지 세원아파트 2층","category":"용역 서비스 - 혼례서비스"},{"name":"세원세탁","tel":"031-286-1277","addr":"경기도 용인시 기흥구 고매동 385-1번지 세원 상가 2층 1호","category":"수리서비스 - 세탁소"},{"name":"세원유통","tel":"031-286-1061","addr":"경기도 용인시 기흥구 고매동 385-1번지 세원아파트 상가 지하1층","category":"유통업 영리 - 슈퍼마켓"},{"name":"세원치킨","tel":"031-286-8033","addr":"경기도 용인시 기흥구 고매동 385-1번지 세원아파트 1층","category":"일반휴게음식 - 스넥"},{"name":"유명문헤어스케치","tel":"031-286-1609","addr":"경기도 용인시 기흥구 고매동 385-1번지 세원상가 헤어스케치","category":"보건위생 - 미용원"},{"name":"허브미용실","tel":"031-8005-5521","addr":"경기도 용인시 기흥구 고매동 385-1번지 세원 상가 2층","category":"보건위생 - 미용원"}]},{"lat":"37.22216226","long":"127.098439","items":[{"name":"경기카써비스","tel":"031-284-7700","addr":"경기도 용인시 기흥구 고매동 694-5번지","category":"자동차정비 유지 - 자동차정비"}]},{"lat":"37.225580485","long":"127.10527153","items":[{"name":"경복궁","tel":"031-287-1003","addr":"경기도 용인시 기흥구 고매동 410-7번지","category":"일반휴게음식 - 일반한식"}]},{"lat":"37.227493438","long":"127.10202894","items":[{"name":"고매골추어탕","tel":"031-275-7938","addr":"경기도 용인시 기흥구 고매동 535-7번지 1층","category":"일반휴게음식 - 일반한식"},{"name":"하우스포차","tel":"031-282-8565","addr":"경기도 용인시 기흥구 고매동 535-7번지","category":"일반휴게음식 - 일반한식"}]},{"lat":"37.2220542","long":"127.09835999","items":[{"name":"고매안전종합상사","tel":"031-287-1204","addr":"경기도 용인시 기흥구 고매동 695-2번지","category":"기타 - 기계공구"}]},{"lat":"37.223743044","long":"127.09338192","items":[{"name":"고매쭈꾸미","tel":"031-211-1033","addr":"경기도 용인시 기흥구 고매동 842-10번지","category":"일반휴게음식 - 일반한식"}]},{"lat":"37.22205389","long":"127.09874307","items":[{"name":"고매카세차장","tel":"031-286-1110","addr":"경기도 용인시 기흥구 고매동 727번지","category":"자동차정비 유지 - 세차장"},{"name":"태양자동차공업사","tel":"031-286-2879","addr":"경기도 용인시 기흥구 고매동 727번지","category":"자동차정비 유지 - 자동차정비"}]},{"lat":"37.221801892","long":"127.09838221","items":[{"name":"고향칼국수.백반","tel":"031-286-8611","addr":"경기도 용인시 기흥구 고매동 726-1번지 1층","category":"일반휴게음식 - 일반한식"}]},{"lat":"37.224048583","long":"127.13296489","items":[{"name":"구매골식당","tel":"031-284-0536","addr":"경기도 용인시 기흥구 고매동 67-2번지","category":"일반휴게음식 - 일반한식"}]},{"lat":"37.230687385","long":"127.10752086","items":[{"name":"구미경정비","tel":"031-286-8221","addr":"경기도 용인시 기흥구 고매동 383-9번지","category":"자동차정비 유지 - 자동차정비"}]},{"lat":"37.222635696","long":"127.10340845","items":[{"name":"궁갤러리","tel":"031-704-3722","addr":"경기도 용인시 기흥구 고매동 413-27번지","category":"문화.취미 - 화랑"},{"name":"한국면가","tel":"031-275-0606","addr":"경기도 용인시 기흥구 고매동 413-27번지","category":"일반휴게음식 - 스넥"}]},{"lat":"37.227358311","long":"127.10199496","items":[{"name":"그린채널","tel":"031-693-6277","addr":"경기도 용인시 기흥구 고매동 536번지","category":"문화.취미 - 화원"},{"name":"볼빨간다육","tel":"","addr":"경기도 용인시 기흥구 고매동 536번지","category":"문화.취미 - 화원"},{"name":"아가다꽃","tel":"031-283-6770","addr":"경기도 용인시 기흥구 고매동 536번지","category":"문화.취미 - 화원"},{"name":"천년","tel":"","addr":"경기도 용인시 기흥구 고매동 536번지 A동","category":"서적문구 - 출판 및 인쇄물"}]},{"lat":"37.224797843","long":"127.10380569","items":[{"name":"기흥IC주유소카센터","tel":"031-286-8388","addr":"경기도 용인시 기흥구 고매동 411-20번지","category":"자동차정비 유지 - 자동차정비"},{"name":"씨유기흥단지점","tel":"031-284-9266","addr":"경기도 용인시 기흥구 고매동 411-20번지 SK기흥단지주유소 나동 1층","category":"유통업 영리 - 편 의 점"}]},{"lat":"37.222243978","long":"127.09766166","items":[{"name":"기흥고시원","tel":"031-274-8878","addr":"경기도 용인시 기흥구 고매동 696-1번지","category":"학원 - 독서실"},{"name":"씨유기흥대로점","tel":"031-693-9599","addr":"경기도 용인시 기흥구 고매동 696-1번지 청룡빌딩 101호","category":"유통업 영리 - 편 의 점"},{"name":"와노래연습장","tel":"031-286-2528","addr":"경기도 용인시 기흥구 고매동 696-1번지 청룡빌딩 지층 001호","category":"레저업소 - 노 래 방"},{"name":"이오","tel":"031-274-8877","addr":"경기도 용인시 기흥구 고매동 696-1번지","category":"용역 서비스 - 부동산 중개·임대"},{"name":"일정당","tel":"031-274-0718","addr":"경기도 용인시 기흥구 고매동 696-1번지 지하1층","category":"일반휴게음식 - 일반한식"}]},{"lat":"37.222915579","long":"127.10274405","items":[{"name":"기흥민물장어","tel":"031-286-9717","addr":"경기도 용인시 기흥구 고매동 525-19번지","category":"일반휴게음식 - 일반한식"},{"name":"기흥파크","tel":"031-8-9717","addr":"경기도 용인시 기흥구 고매동 525-19번지","category":"일반휴게음식 - 갈비전문점"}]},{"lat":"37.230576068","long":"127.10071457","items":[{"name":"기흥수상","tel":"031-285-2953","addr":"경기도 용인시 기흥구 고매동 567번지 1층","category":"일반휴게음식 - 일반한식"},{"name":"수","tel":"070-8545-6666","addr":"경기도 용인시 기흥구 고매동 567번지 2층","category":"일반휴게음식 - 서양음식"},{"name":"쉼표","tel":"02-282-6038","addr":"경기도 용인시 기흥구 고매동 567번지","category":"보건위생 - 피부미용실"},{"name":"자작나무","tel":"031-283-0074","addr":"경기도 용인시 기흥구 고매동 567번지 2층","category":"일반휴게음식 - 일반한식"},{"name":"주식회사기흥수상골프","tel":"031-285-0058","addr":"경기도 용인시 기흥구 고매동 567번지","category":"레저업소 - 골프연습장"}]},{"lat":"37.222191017","long":"127.09627573","items":[{"name":"기흥오토서비스","tel":"031-287-5665","addr":"경기도 용인시 기흥구 고매동 700-4번지","category":"자동차정비 유지 - 자동차정비"}]},{"lat":"37.223130506","long":"127.10429923","items":[{"name":"기흥한우집","tel":"031-282-4684","addr":"경기도 용인시 기흥구 고매동 413-17번지 외3필지 1층","category":"일반휴게음식 - 일반한식"}]},{"lat":"37.229248506","long":"127.10432996","items":[{"name":"김가네 바지락손칼국수","tel":"031-285-3568","addr":"경기도 용인시 기흥구 고매동 551-3번지","category":"일반휴게음식 - 일반한식"},{"name":"유진케미칼","tel":"031-248-6607","addr":"경기도 용인시 기흥구 고매동 551-3번지","category":"신변잡화 - 기타잡화"}]},{"lat":"37.224799394","long":"127.10196908","items":[{"name":"나눔앤쎄븐(강남대리점)","tel":"031-000-0000","addr":"경기도 용인시 기흥구 고매동 518-8번지 2층","category":"음료식품 - 정육점"},{"name":"세븐축산강동대리점","tel":"070-7458-6090","addr":"경기도 용인시 기흥구 고매동 518-8번지 3층","category":"음료식품 - 정육점"},{"name":"쎄븐정육점","tel":"031-285-0530","addr":"경기도 용인시 기흥구 고매동 518-8번지 1층","category":"음료식품 - 정육점"}]},{"lat":"37.223081379","long":"127.09836129","items":[{"name":"나루예몰","tel":"031-652-2730","addr":"경기도 용인시 기흥구 고매동 692-5번지","category":"레져용품 - 스포츠·레져용품"}]},{"lat":"37.2195501","long":"127.09738789","items":[{"name":"농업회사법인(주)민속식물원","tel":"031-282-2996","addr":"경기도 용인시 기흥구 고매동 728-2번지","category":"문화.취미 - 화원"}]},{"lat":"37.230636094","long":"127.11436073","items":[{"name":"능내집","tel":"031-286-0896","addr":"경기도 용인시 기흥구 고매동 354-4번지","category":"일반휴게음식 - 일반한식"}]},{"lat":"37.229329648","long":"127.10427373","items":[{"name":"단장","tel":"","addr":"경기도 용인시 기흥구 고매동 551-4번지 1층 106호","category":"보건위생 - 미용원"},{"name":"멍따피싱조구","tel":"031-281-8849","addr":"경기도 용인시 기흥구 고매동 551-4번지 1층 3호","category":"레져용품 - 스포츠·레져용품"},{"name":"진성기계","tel":"031-274-9626","addr":"경기도 용인시 기흥구 고매동 551-4번지","category":"건축자재 - 보일러·펌프·샷시"}]},{"lat":"37.218831241","long":"127.09488579","items":[{"name":"대림철물상사","tel":"031-204-2934","addr":"경기도 용인시 기흥구 고매동 752번지 상가 1층 101호 102호","category":"기타 - 기계공구"}]},{"lat":"37.229023267","long":"127.10430712","items":[{"name":"더담아","tel":"031-285-9293","addr":"경기도 용인시 기흥구 고매동 550-2번지 1층","category":"일반휴게음식 - 일반한식"}]},{"lat":"37.23121473","long":"127.1122431","items":[{"name":"더원푸드(The one food)","tel":"031-286-9936","addr":"경기도 용인시 기흥구 고매동 819-9번지","category":"일반휴게음식 - 일반한식"},{"name":"손큰국밥","tel":"031-284-5028","addr":"경기도 용인시 기흥구 고매동 819-9번지 1층","category":"일반휴게음식 - 일반한식"},{"name":"하랑학원","tel":"031-287-6054","addr":"경기도 용인시 기흥구 고매동 819-9번지 202호","category":"학원 - 기타 교육기관"},{"name":"햇살과나무","tel":"070-8940-9384","addr":"경기도 용인시 기흥구 고매동 819-9번지 1층","category":"일반휴게음식 - 스넥"}]},{"lat":"37.222549121","long":"127.09916059","items":[{"name":"돈가네돼지찌개(기흥고매점)","tel":"031-693-6999","addr":"경기도 용인시 기흥구 고매동 512-6번지","category":"일반휴게음식 - 일반한식"},{"name":"아이지에이마트 고매점","tel":"031-000-0000","addr":"경기도 용인시 기흥구 고매동 512-6번지 금봉빌딩","category":"유통업 영리 - 편 의 점"},{"name":"천안옛날호두과자","tel":"031-286-5562","addr":"경기도 용인시 기흥구 고매동 512-6번지","category":"음료식품 - 제과점"}]},{"lat":"37.230854421","long":"127.1121299","items":[{"name":"동성식당","tel":"031-286-7300","addr":"경기도 용인시 기흥구 고매동 359번지 동성 상가동 104,105호","category":"일반휴게음식 - 일반한식"},{"name":"동성하이퍼마켓","tel":"031-285-5445","addr":"경기도 용인시 기흥구 고매동 359외2필지101","category":"유통업 영리 - 슈퍼마켓"}]},{"lat":"37.221856335","long":"127.09790906","items":[{"name":"동탄인쇄","tel":"031-377-2001","addr":"경기도 용인시 기흥구 고매동 725-17번지 1층","category":"용역 서비스 - 사무서비스"},{"name":"삼장식당","tel":"031-286-8108","addr":"경기도 용인시 기흥구 고매동 725-17번지 1층","category":"일반휴게음식 - 중국식"},{"name":"해바라기분식","tel":"031-284-5388","addr":"경기도 용인시 기흥구 고매동 725-17번지 1층일부","category":"일반휴게음식 - 일반한식"}]},{"lat":"37.227075045","long":"127.10660317","items":[{"name":"떼레노시떼","tel":"031-8005-5767","addr":"경기도 용인시 기흥구 고매동 409-95번지 1층","category":"일반휴게음식 - 스넥"}]},{"lat":"37.224830834","long":"127.09654941","items":[{"name":"뜨락","tel":"031-286-3522","addr":"경기도 용인시 기흥구 고매동 산84","category":"레져용품 - 스포츠·레져용품"}]},{"lat":"37.223911703","long":"127.10741009","items":[{"name":"뜰채","tel":"031-275-3080","addr":"경기도 용인시 기흥구 고매동 409-37 사뉴어하우스 302 14/","category":"음료식품 - 농·축·수산품"}]},{"lat":"37.227435527","long":"127.10652478","items":[{"name":"뜰채","tel":"031-286-7651","addr":"경기도 용인시 기흥구 고매동 409-97번지 1층","category":"일반휴게음식 - 일반한식"}]},{"lat":"37.2265248","long":"127.10730102","items":[{"name":"라메리트","tel":"031-693-9566","addr":"경기도 용인시 기흥구 고매동 409-7번지 광진물산","category":"가구 - 일반가구"}]},{"lat":"37.225689231","long":"127.10455054","items":[{"name":"레미니스호텔","tel":"031-286-5121","addr":"경기도 용인시 기흥구 고매동 411-22번지","category":"숙박업 - 여관/기타숙박업"}]},{"lat":"37.221713228","long":"127.09657936","items":[{"name":"레바논기흥목재","tel":"031-281-7272","addr":"경기도 용인시 기흥구 고매동 722-4번지","category":"음료식품 - 기타음료식품"},{"name":"문화공구","tel":"031-376-6161","addr":"경기도 용인시 기흥구 고매동 722-4번지","category":"기타 - 기계공구"}]},{"lat":"37.230767266","long":"127.10888445","items":[{"name":"롯데의류수선실","tel":"031-1111-1111","addr":"경기도 용인시 기흥구 고매동 385-2번지 B1층","category":"수리서비스 - 세탁소"},{"name":"민유통","tel":"031-287-1771","addr":"경기도 용인시 기흥구 고매동 385-2번지","category":"음료식품 - 농·축·수산품"},{"name":"조선팔도","tel":"031-274-1248","addr":"경기도 용인시 기흥구 고매동 385-2번지","category":"일반휴게음식 - 일반한식"},{"name":"토속음식점","tel":"031-287-8298","addr":"경기도 용인시 기흥구 고매동 385-2번지 1층","category":"일반휴게음식 - 일반한식"},{"name":"프라이드치킨호프","tel":"031-286-1474","addr":"경기도 용인시 기흥구 고매동 385-2번지 외1필지 1층","category":"일반휴게음식 - 주점"},{"name":"흥부네솥뚜껑삼겹살","tel":"031-287-8298","addr":"경기도 용인시 기흥구 고매동 385-2번지","category":"일반휴게음식 - 일반한식"}]},{"lat":"37.219299779","long":"127.09488636","items":[{"name":"리마켓 기흥동탄점","tel":"031-1670-0858","addr":"경기도 용인시 기흥구 고매동 751번지","category":"가구 - 기타가구"}]},{"lat":"37.22216302","long":"127.09749255","items":[{"name":"마징가모텔","tel":"031-286-5265","addr":"경기도 용인시 기흥구 고매동 696-4번지","category":"숙박업 - 여관/기타숙박업"},{"name":"와우카페","tel":"031-285-5228","addr":"경기도 용인시 기흥구 고매동 696-4번지 1층","category":"일반휴게음식 - 서양음식"}]},{"lat":"37.229053089","long":"127.10099431","items":[{"name":"만평","tel":"031-286-2280","addr":"경기도 용인시 기흥구 고매동 542-10번지","category":"유통업 영리 - 슈퍼마켓"}]},{"lat":"37.222045966","long":"127.097391","items":[{"name":"만평식당","tel":"031-286-0010","addr":"경기도 용인시 기흥구 고매동 697-2번지","category":"일반휴게음식 - 일반한식"}]},{"lat":"37.222684833","long":"127.09847346","items":[{"name":"명성카세차장","tel":"031-285-4884","addr":"경기도 용인시 기흥구 고매동 693-8번지","category":"자동차정비 유지 - 자동차정비"}]},{"lat":"37.219968577","long":"127.10347252","items":[{"name":"모두국밥","tel":"031-283-1163","addr":"경기도 용인시 기흥구 고매동 485-16번지 1층","category":"일반휴게음식 - 일반한식"}]},{"lat":"37.226769446","long":"127.11563958","items":[{"name":"모듈라레&라이커스/(주)토바시스템용인지점","tel":"02-2634-6167","addr":"경기도 용인시 기흥구 고매동 375-29번지","category":"일반휴게음식 - 서양음식"}]},{"lat":"37.228519216","long":"127.11377167","items":[{"name":"미모이벤트","tel":"031-528-6263","addr":"경기도 용인시 기흥구 고매동 880번지 매화마을우림홀인원아파트","category":"용역 서비스 - 종합용역"},{"name":"이뮤노텍 용인3점","tel":"031-000-0000","addr":"경기도 용인시 기흥구 고매동 880번지 매화마을우림홀인원아파트","category":"건강식품 - 기타건강식품"}]},{"lat":"37.219276347","long":"127.12127307","items":[{"name":"믿음상사","tel":"","addr":"경기도 용인시 기흥구 고매동 183번지","category":"자동차정비 유지 - 자동차부품"}]},{"lat":"37.222715459","long":"127.09391025","items":[{"name":"믿음카덴트칼라","tel":"031-284-6400","addr":"경기도 용인시 기흥구 고매동 709-3번지","category":"자동차정비 유지 - 자동차정비"}]},{"lat":"37.23116973","long":"127.11218669","items":[{"name":"박가농장","tel":"031-286-8619","addr":"경기도 용인시 기흥구 고매동 359번지 동성아파트","category":"건강식품 - 기타건강식품"},{"name":"서초유학","tel":"02-585-9075","addr":"경기도 용인시 기흥구 고매동 359번지 동성아파트","category":"학원 - 유학원"}]},{"lat":"37.221802822","long":"127.09722169","items":[{"name":"보다(BODA)","tel":"031-1855-1819","addr":"경기도 용인시 기흥구 고매동 722-2번지 1층","category":"전기제품 - 기타전기제품"},{"name":"신도시철물안전","tel":"031-284-0974","addr":"경기도 용인시 기흥구 고매동 722-2번지","category":"건축자재 - 목재·석재·철물"},{"name":"집에서먹던밥","tel":"031-285-3338","addr":"경기도 용인시 기흥구 고매동 722-2번지","category":"일반휴게음식 - 일반한식"}]},{"lat":"37.221049636","long":"127.10368802","items":[{"name":"블루","tel":"070-8881-7561","addr":"경기도 용인시 기흥구 고매동 481-1번지","category":"자동차정비 유지 - 세차장"}]},{"lat":"37.227937643","long":"127.09875052","items":[{"name":"비트 바스켓볼 아카데미","tel":"031-282-8209","addr":"경기도 용인시 기흥구 고매동 541-9번지","category":"학원 - 예·체능계학원"}]},{"lat":"37.22157705","long":"127.09786364","items":[{"name":"사거리식당","tel":"031-286-6900","addr":"경기도 용인시 기흥구 고매동 726-7번지","category":"일반휴게음식 - 일반한식"}]},{"lat":"37.229358906","long":"127.10163699","items":[{"name":"산골 다육이","tel":"031-378-1727","addr":"경기도 용인시 기흥구 고매동 559-2번지","category":"문화.취미 - 화원"}]},{"lat":"37.225297862","long":"127.10902328","items":[{"name":"산정","tel":"031-286-4466","addr":"경기도 용인시 기흥구 고매동 409-28번지 1-2층","category":"일반휴게음식 - 일반한식"},{"name":"산정","tel":"031-286-4466","addr":"경기도 용인시 기흥구 고매동 409-28번지 ,1-2층","category":"일반휴게음식 - 일반한식"}]},{"lat":"37.222272632","long":"127.09561107","items":[{"name":"삼시세끼","tel":"031-111-1111","addr":"경기도 용인시 기흥구 고매동 701-12번지 1층 일부","category":"일반휴게음식 - 일반한식"}]},{"lat":"37.231206898","long":"127.11095848","items":[{"name":"상주식품","tel":"","addr":"경기도 용인시 기흥구 고매동 883번지 기흥써니밸리아파트","category":"회원제형태 - 기타1"}]},{"lat":"37.23052463","long":"127.10816293","items":[{"name":"석환밧데리","tel":"031-286-1984","addr":"경기도 용인시 기흥구 고매동 383-1번지","category":"자동차정비 유지 - 자동차부품"}]},{"lat":"37.219412593","long":"127.11069378","items":[{"name":"성림","tel":"031-275-8887","addr":"경기도 용인시 기흥구 고매동 245-2번지","category":"일반휴게음식 - 일반한식"}]},{"lat":"37.231424291","long":"127.10969671","items":[{"name":"세원콜밴","tel":"031-286-2877","addr":"경기도 용인시 기흥구 고매동 385-1번지 세원아파트","category":"보건위생 - 기타대인서비스"},{"name":"아로마교실","tel":"","addr":"경기도 용인시 기흥구 고매동 385-1번지 세원아파트","category":"문화.취미 - 문화취미기타"}]},{"lat":"37.220500049","long":"127.13155043","items":[{"name":"세일상사","tel":"031-281-4211","addr":"경기도 용인시 기흥구 고매동 163","category":"유통업 영리 - 기타유통업"},{"name":"주식회사 홈앤아트","tel":"031-376-4611","addr":"경기도 용인시 기흥구 고매동 163번지","category":"주방용구 - 주방용구"}]},{"lat":"37.230755265","long":"127.11217483","items":[{"name":"숀플(sohnple)","tel":"000-000-0000","addr":"경기도 용인시 기흥구 고매동 359번지 동성아파트","category":"가구 - 일반가구"}]},{"lat":"37.228275069","long":"127.1146953","items":[{"name":"수학365","tel":"","addr":"경기도 용인시 기흥구 고매동 880번지 매화마을우림홀인원아파트","category":"학원 - 기타 교육기관"}]},{"lat":"37.228254002","long":"127.09751143","items":[{"name":"스튜디오 사랑합니다","tel":"031-658-1052","addr":"경기도 용인시 기흥구 고매동 674-9번지 메종블루아파트 105동 702호","category":"광학제품 - 사진관"}]},{"lat":"37.229962575","long":"127.11193705","items":[{"name":"씨에프치킨","tel":"031-285-9392","addr":"경기도 용인시 기흥구 고매동 877번지 우남 상가","category":"일반휴게음식 - 주점"},{"name":"우남슈퍼","tel":"031-287-5078","addr":"경기도 용인시 기흥구 고매동 877번지 매화마을우남빌라 상가 101호","category":"유통업 영리 - 슈퍼마켓"}]},{"lat":"37.230635017","long":"127.11549884","items":[{"name":"씨유기흥고매점","tel":"031-898-6568","addr":"경기도 용인시 기흥구 고매동 352-72번지 매화향기가 2동 1층 101호","category":"유통업 영리 - 편 의 점"}]},{"lat":"37.224520374","long":"127.10160815","items":[{"name":"아리랑 비빔국수","tel":"031-282-5651","addr":"경기도 용인시 기흥구 고매동 518-1번지 BLUE ZONE B동","category":"일반휴게음식 - 일반한식"}]},{"lat":"37.225437105","long":"127.10435866","items":[{"name":"아미부띠끄호텔","tel":"031-286-7272","addr":"경기도 용인시 기흥구 고매동 411-19번지 전관","category":"숙박업 - 여관/기타숙박업"},{"name":"카페아미","tel":"031-286-7272","addr":"경기도 용인시 기흥구 고매동 411-19번지","category":"일반휴게음식 - 서양음식"}]},{"lat":"37.219887038","long":"127.11405198","items":[{"name":"안골식당","tel":"031-286-7001","addr":"경기도 용인시 기흥구 고매동 227-1번지 동원식당 113호","category":"일반휴게음식 - 일반한식"},{"name":"에프엑스케이디자인","tel":"070-7548-3254","addr":"경기도 용인시 기흥구 고매동 227-1번지","category":"자동차정비 유지 - 자동차부품"}]},{"lat":"37.219442609","long":"127.13448926","items":[{"name":"앤덴","tel":"031-274-6527","addr":"경기도 용인시 기흥구 고매동 33번지 골드C.C클럽하우스관리사무소 1동 201호","category":"음료식품 - 기타음료식품"}]},{"lat":"37.2260224","long":"127.10479888","items":[{"name":"양반두부","tel":"031-286-5208","addr":"경기도 용인시 기흥구 고매동 411-11번지","category":"일반휴게음식 - 일반한식"}]},{"lat":"37.220770574","long":"127.10338345","items":[{"name":"양평해장국","tel":"031-217-3311","addr":"경기도 용인시 기흥구 고매동 481-2번지","category":"일반휴게음식 - 일반한식"}]},{"lat":"37.221130326","long":"127.10416135","items":[{"name":"어반리","tel":"031-281-0997","addr":"경기도 용인시 기흥구 고매동 482-1번지 ,1,2층","category":"일반휴게음식 - 서양음식"},{"name":"어반리","tel":"031-281-0997","addr":"경기도 용인시 기흥구 고매동 482-1번지 ,1,2층","category":"일반휴게음식 - 서양음식"}]},{"lat":"37.22013488","long":"127.11869429","items":[{"name":"엄마손백반 고매점","tel":"031-275-3357","addr":"경기도 용인시 기흥구 고매동 201번지 1층","category":"일반휴게음식 - 일반한식"}]},{"lat":"37.222245407","long":"127.09585891","items":[{"name":"엄마손토속정","tel":"1111-1111-1111","addr":"경기도 용인시 기흥구 고매동 700번지","category":"일반휴게음식 - 일반한식"}]},{"lat":"37.223302078","long":"127.10386003","items":[{"name":"에듀프로 어학원","tel":"070-5029-3681","addr":"경기도 용인시 기흥구 고매동 413-19번지 4층 402호","category":"회원제형태 - 학원"},{"name":"테슬라코리아","tel":"031-216-6622","addr":"경기도 용인시 기흥구 고매동 413-19번지 4층","category":"기타 - 기타 전문점"}]},{"lat":"37.226521052","long":"127.11147011","items":[{"name":"에스텔라 국제갤러리","tel":"031-275-7448","addr":"경기도 용인시 기흥구 고매동 377-13번지 노블하우스 801호","category":"문화.취미 - 화랑"}]},{"lat":"37.230892499","long":"127.10989879","items":[{"name":"엘리사","tel":"031-281-6677","addr":"경기도 용인시 기흥구 고매동 385-1","category":"회원제형태 - 기타4"}]},{"lat":"37.225994912","long":"127.10532843","items":[{"name":"여명","tel":"031-274-2004","addr":"경기도 용인시 기흥구 고매동 409-91번지 A동 1층","category":"일반휴게음식 - 일반한식"}]},{"lat":"37.220887325","long":"127.10383428","items":[{"name":"영진자동차공업사","tel":"031-286-4400","addr":"경기도 용인시 기흥구 고매동 481-3번지","category":"자동차정비 유지 - 자동차정비"}]},{"lat":"37.230661522","long":"127.11605104","items":[{"name":"오롯","tel":"070-2519-2907","addr":"경기도 용인시 기흥구 고매동 352-75번지 101호","category":"음료식품 - 농·축·수산품"}]},{"lat":"37.22983043","long":"127.11826965","items":[{"name":"용인신일태권도체육관","tel":"031-275-2225","addr":"경기도 용인시 기흥구 고매동 344-1번지","category":"학원 - 예·체능계학원"},{"name":"한빛캐터링","tel":"031-285-4410","addr":"경기도 용인시 기흥구 고매동 344-1번지","category":"일반휴게음식 - 일반한식"}]},{"lat":"37.221464155","long":"127.13155206","items":[{"name":"우남하이텍","tel":"031-287-0231","addr":"경기도 용인시 기흥구 고매동 165","category":"기타 - 기타 전문점"}]},{"lat":"37.226189491","long":"127.10946397","items":[{"name":"우리랑","tel":"031-285-9292","addr":"경기도 용인시 기흥구 고매동 377-52번지 (고매동/산 377-52)","category":"일반휴게음식 - 일반한식"}]},{"lat":"37.221387415","long":"127.10897273","items":[{"name":"우리사무기기","tel":"031-286-6555","addr":"경기도 용인시 기흥구 고매동 448-1번지","category":"사무통신 - 사무용 OA기기"}]},{"lat":"37.221747584","long":"127.09868635","items":[{"name":"우리푸드","tel":"031-285-0713","addr":"경기도 용인시 기흥구 고매동 726-4번지 1층 101호","category":"일반휴게음식 - 일반한식"}]},{"lat":"37.228745458","long":"127.10252638","items":[{"name":"우주타이어","tel":"031-284-0543","addr":"경기도 용인시 기흥구 고매동 544-4번지","category":"자동차정비 유지 - 자동차시트·타이어"}]},{"lat":"37.219576386","long":"127.10891386","items":[{"name":"우현상사","tel":"031-281-3301","addr":"경기도 용인시 기흥구 고매동 468-4번지 나동","category":"음료식품 - 농·축·수산품"}]},{"lat":"37.222852317","long":"127.10296932","items":[{"name":"운촌갤러리카페","tel":"031-274-0021","addr":"경기도 용인시 기흥구 고매동 413-30번지","category":"일반휴게음식 - 서양음식"}]},{"lat":"37.221519569","long":"127.13030151","items":[{"name":"유명수산","tel":"031-213-4788","addr":"경기도 용인시 기흥구 고매동 144번지 마동","category":"음료식품 - 농·축·수산품"}]},{"lat":"37.222163549","long":"127.09682779","items":[{"name":"유신카세차장","tel":"031-252-6767","addr":"경기도 용인시 기흥구 고매동 697-5번지","category":"자동차정비 유지 - 세차장"}]},{"lat":"37.227438351","long":"127.10324581","items":[{"name":"인정","tel":"070-7535-4385","addr":"경기도 용인시 기흥구 고매동 546-12번지","category":"음료식품 - 정육점"}]},{"lat":"37.220581471","long":"127.10324799","items":[{"name":"전라도시골밥상","tel":"031-805-4959","addr":"경기도 용인시 기흥구 고매동 485-15번지 1층 105호","category":"일반휴게음식 - 일반한식"}]},{"lat":"37.226301478","long":"127.10508095","items":[{"name":"전주생태탕","tel":"031-274-8845","addr":"경기도 용인시 기흥구 고매동 411-8번지 지하1층","category":"일반휴게음식 - 일반한식"},{"name":"전주콩나물.생태탕","tel":"031-274-5645","addr":"경기도 용인시 기흥구 고매동 411-8번지","category":"일반휴게음식 - 일반한식"}]},{"lat":"37.222858325","long":"127.13377409","items":[{"name":"정미트","tel":"031-287-4863","addr":"경기도 용인시 기흥구 고매동 54번지","category":"음료식품 - 정육점"},{"name":"주식회사몸아","tel":"02-322-1706","addr":"경기도 용인시 기흥구 고매동 54번지","category":"레져용품 - 스포츠·레져용품"}]},{"lat":"37.226881158","long":"127.10152108","items":[{"name":"정인다육","tel":"","addr":"경기도 용인시 기흥구 고매동 536-3번지 비닐하우스 A동 4호","category":"문화.취미 - 화원"}]},{"lat":"37.222249325","long":"127.10213475","items":[{"name":"주식회사 아인아이티","tel":"031-548-1655","addr":"경기도 용인시 기흥구 고매동 524-1번지 스텔라아이오티 4층","category":"용역 서비스 - 소프트웨어"},{"name":"티앤씨(TNC)자동차외형복원본사","tel":"031-526-1077","addr":"경기도 용인시 기흥구 고매동 524-1번지 스텔라아이오티","category":"자동차정비 유지 - 카인테리어"}]},{"lat":"37.230464504","long":"127.11477741","items":[{"name":"주식회사 에프엠에이","tel":"031-693-5052","addr":"경기도 용인시 기흥구 고매동 352-33번지","category":"학원 - 예·체능계학원"},{"name":"풋볼마스터아카데미","tel":"031-693-5050","addr":"경기도 용인시 기흥구 고매동 352-33번지 1층","category":"학원 - 예·체능계학원"}]},{"lat":"37.228273103","long":"127.10696539","items":[{"name":"주식회사 엠제이티(MJT)","tel":"031-274-3669","addr":"경기도 용인시 기흥구 고매동 400-21번지","category":"건축자재 - 기타건축자재"}]},{"lat":"37.2272205","long":"127.12421515","items":[{"name":"주식회사 윈도어팩토리","tel":"031-275-6466","addr":"경기도 용인시 기흥구 고매동 309-1번지","category":"건축자재 - 기타건축자재"}]},{"lat":"37.223555127","long":"127.13102605","items":[{"name":"주식회사금성유통","tel":"031-286-7800","addr":"경기도 용인시 기흥구 고매동 96-4번지","category":"유통업 영리 - 기타유통업"}]},{"lat":"37.221162085","long":"127.10905128","items":[{"name":"주식회사데보라","tel":"031-275-7063","addr":"경기도 용인시 기흥구 고매동 440-5번지","category":"전기제품 - 기타전기제품"}]},{"lat":"37.229718368","long":"127.11293957","items":[{"name":"주식회사크린월드","tel":"031-286-8239","addr":"경기도 용인시 기흥구 고매동 357번지","category":"수리서비스 - 세탁소"}]},{"lat":"37.220078179","long":"127.1381859","items":[{"name":"지에이메디칼크리닉의원/기흥의료생활협동","tel":"031-287-0311","addr":"경기도 용인시 기흥구 고매동 5-73번지 코리아프라자 4층","category":"의원 - 의원"}]},{"lat":"37.226326699","long":"127.12593769","items":[{"name":"지티가든","tel":"031-273-3371","addr":"경기도 용인시 기흥구 고매동 307-2번지","category":"건축자재 - 인테리어전문"}]},{"lat":"37.221913572","long":"127.09386422","items":[{"name":"천우안전유리","tel":"031-302-6491","addr":"경기도 용인시 기흥구 고매동 720-14번지","category":"자동차정비 유지 - 자동차부품"}]},{"lat":"37.230851607","long":"127.11513857","items":[{"name":"카페352(cafe352)","tel":"031-282-0352","addr":"경기도 용인시 기흥구 고매동 352-46번지 1층","category":"일반휴게음식 - 서양음식"}]},{"lat":"37.22202021","long":"127.09577977","items":[{"name":"카페고매(Cafe Gomae)","tel":"031-287-0445","addr":"경기도 용인시 기흥구 고매동 721번지 ,1,2층","category":"일반휴게음식 - 서양음식"}]},{"lat":"37.231157648","long":"127.10554952","items":[{"name":"캠프오후두시","tel":"","addr":"경기도 용인시 기흥구 고매동 393-9번지 1층","category":"음료식품 - 기타음료식품"}]},{"lat":"37.228852734","long":"127.10352939","items":[{"name":"콩게미","tel":"031-285-5234","addr":"경기도 용인시 기흥구 고매동 546-24번지 1층","category":"일반휴게음식 - 일반한식"}]},{"lat":"37.221887742","long":"127.10352013","items":[{"name":"파리바게뜨","tel":"031-283-0182","addr":"경기도 용인시 기흥구 고매동 485-1번지 1층","category":"음료식품 - 제과점"}]},{"lat":"37.221910188","long":"127.09816827","items":[{"name":"페리카나치킨","tel":"031-286-4296","addr":"경기도 용인시 기흥구 고매동 725-2","category":"일반휴게음식 - 서양음식"}]},{"lat":"37.227657645","long":"127.099584","items":[{"name":"펠리스뻬로","tel":"070-8267-9017","addr":"경기도 용인시 기흥구 고매동 541-6번지","category":"일반휴게음식 - 서양음식"}]},{"lat":"37.229926336","long":"127.11215109","items":[{"name":"프리윌아로마(Freewill Aroma)","tel":"031-282-9570","addr":"경기도 용인시 기흥구 고매동 877번지 매화마을우남퍼스트빌 102동 1502호","category":"회원제형태 - 기타4"}]},{"lat":"37.225388318","long":"127.12718688","items":[{"name":"한국목재재생산업 주식회사","tel":"031-8005-5311","addr":"경기도 용인시 기흥구 고매동 301번지 1층","category":"건축자재 - 목재·석재·철물"}]},{"lat":"37.221941036","long":"127.11443807","items":[{"name":"행복식당 (함바)","tel":"","addr":"경기도 용인시 기흥구 고매동 266-10번지 가설건축물 1층 일부","category":"일반휴게음식 - 일반한식"}]},{"lat":"37.222380994","long":"127.09530699","items":[{"name":"행복한식부페","tel":"","addr":"경기도 용인시 기흥구 고매동 701-11번지 1층","category":"일반휴게음식 - 일반한식"}]},{"lat":"37.222164921","long":"127.09508138","items":[{"name":"향촌","tel":"031-286-9065","addr":"경기도 용인시 기흥구 고매동 710-9번지","category":"일반휴게음식 - 일반한식"}]},{"lat":"37.22071726","long":"127.1306607","items":[{"name":"헤렌하우스","tel":"031-286-4921","addr":"경기도 용인시 기흥구 고매동 168번지","category":"가구 - 일반가구"}]},{"lat":"37.223885227","long":"127.0959398","items":[{"name":"호수공원상회","tel":"031-287-1734","addr":"경기도 용인시 기흥구 고매동 산85-1번지","category":"음료식품 - 기타음료식품"}]},{"lat":"37.225221021","long":"127.10416682","items":[{"name":"호텔 비엔","tel":"031-284-7400","addr":"경기도 용인시 기흥구 고매동 411-23번지","category":"숙박업 - 여관/기타숙박업"},{"name":"호텔비엔","tel":"031-284-7400","addr":"경기도 용인시 기흥구 고매동 411-23번지","category":"숙박업 - 여관/기타숙박업"}]},{"lat":"37.22946394","long":"127.10527678","items":[{"name":"홍성호성형외과","tel":"031-287-5420","addr":"경기도 용인시 기흥구 고매동 551-9번지","category":"의원 - 의원"}]},{"lat":"37.225495645","long":"127.10951933","items":[{"name":"화담","tel":"031-544-7777","addr":"경기도 용인시 기흥구 고매동 409-155번지 1,2,3층","category":"일반휴게음식 - 일반한식"}]},{"lat":"37.227494354","long":"127.11126868","items":[{"name":"힐링스테이 기흥","tel":"031-275-2755","addr":"경기도 용인시 기흥구 고매동 368-25 외 1필지","category":"건축자재 - 부동산 분양"}]},{"lat":"37.22041596","long":"127.11688075","items":[{"name":"힘찬어린이체육교실","tel":"031-693-9868","addr":"경기도 용인시 기흥구 고매동 211번지","category":"학원 - 기타 교육기관"}]}]